ingredient,category,ingredient_description,usability,safety
Alcohol,"solventas, konservantas, antibakterinis agentas","Padeda naikinti bakterijas, veikia kaip konservantas ir tirpiklis dantų pastose bei burnos skalavimo skysčiuose. ","Gali padėti naikinti burnos bakterijas, tačiau ilgalaikis naudojimas gali turėti neigiamą poveikį burnos gleivinei. ","Gali sausinti burnos gleivinę, dirginti jautrią odą, o dideliais kiekiais gali būti kenksmingas. Kai kurie tyrimai kelia klausimų dėl ilgalaikio alkoholio naudojimo burnos priežiūros priemonėse ir jo sąsajų su burnos gleivinės pokyčiais "
Allantoin ,"Raminamasis, priešuždegiminis, audinių regeneraciją skatinantis agentas ","Skatina audinių regeneraciją, ramina sudirgintas dantenas ir gali padėti mažinti burnos gleivinės jautrumą ","Naudingas jautrioms dantenoms, gali padėti mažinti uždegimą ir skatinti jų gijimą. Dažnai naudojamas dantų pastose jautrioms dantenoms prižiūrėti. ",saugus naudojimui
Aloe Barbadensis (Aloe Vera) ,Antiseptikas,Padeda raminti burnos gleivinę ir dantenų uždegimus. ,"Efektyviai mažina dantenų uždegimus, suteikia gaivumo pojūtį ir padeda palaikyti burnos sveikatą, ypač tiems, kurie turi jautrią burnos gleivinę ",saugus naudojimui
Aluminum Fluoride ,ėduonies prevencijos agentas,padedantis stiprinti dantų emalį ir apsaugoti nuo ėduonies ,"Stiprina dantų emalį ir apsaugo nuo ėduonies, ypač prevenciniais tikslais. ",saugus naudojimui
Amber Extract ,"Antioksidantas, priešuždegiminis agentas, antibakterinis agentas ","Natūralus ekstraktas, gaunamas iš gintaro, turintis antioksidacinių, priešuždegiminių ir antibakterinių savybių, kurios gali padėti palaikyti burnos ertmės sveikatą. ","Gali padėti apsaugoti dantenas nuo uždegimo, mažinti bakterijų dauginimąsi ir skatinti audinių regeneraciją. Taip pat gali prisidėti prie dantenų stiprinimo ir apsaugos nuo paraudimo ar kraujavimo. ",saugus naudojimui
Ammonium Glycyrrhizate ,"Saldiklis, priešuždegiminis agentas, antibakterinis agentas ","Natūralus saldiklis, išgaunamas iš saldymedžio šaknies, turintis priešuždegiminių ir antibakterinių savybių, taip pat suteikiantis dantų pastai saldų skonį. ","Gali padėti mažinti dantenų uždegimą, skatinti burnos gleivinės gijimą ir turėti antibakterinį poveikį. Taip pat naudojamas siekiant pagerinti produkto skonį. ",saugus naudojimui
Aqua,solventas,,Neutralus,Saugus naudojimui
Arginine,"mineralinis papildas, ėduonies prevencijos agentas",Skatina dantų remineralizaciją ir gali padėti kovoti su dantų ėduonimi ,Naudingas jautriems dantims ir karieso prevencijai. ,Saugus naudojimui
Aroma,skonio stipriklis,Prideda malonų skonį ir kvapą produktui. ,,Saugus naudojimui
Benzyl Alcohol,"konservantas, solventas","Veikia kaip antimikrobinis agentas ir tirpiklis, padedantis stabilizuoti dantų pastos sudėtį ",Neturi tiesioginės įtakos dantų būklei ,"Didelėmis koncentracijomis gali būti toksiškas, ypač nurijus. Kai kuriems žmonėms gali sukelti odos ar gleivinės dirginimą. Diskutuojama apie jo saugumą ilgalaikiam naudojimui kosmetikos ir burnos priežiūros produktuose. "
Beta-Glucan ,"Priešuždegiminis agentas, antioksidantas ","Turi stiprių priešuždegiminių ir raminančių savybių, padeda apsaugoti burnos gleivinę ir gali skatinti gijimą. Taip pat gali stiprinti natūralų burnos atsparumą bakterijoms. ","Naudingas dantenų sveikatai, gali padėti mažinti uždegimą ir sustiprinti apsaugą nuo gingivito bei periodonto ligų. ",saugus naudojimui
Bisabolol,"Priešuždegiminis, raminamasis, antibakterinis agentas ","Turi stiprių priešuždegiminių ir raminamųjų savybių, padeda sumažinti burnos gleivinės sudirgimą. Taip pat pasižymi antibakteriniu poveikiu. ","Naudingas jautrioms dantenoms, gali padėti sumažinti uždegimą ir diskomfortą. Dažnai naudojamas jautrioms burnos priežiūros priemonėms. ",saugus naudojimui
Bromelain ,Apnašų šalinimo agentas,"natūralus fermentas, išgaunamas iš ananasų, naudojamas dantų pastose dėl savo gebėjimo švelniai pašalinti apnašas ir dėmes nuo dantų paviršiaus. ","Padeda švelniai valyti dantis ir mažinti apnašas, gali būti naudingas kovojant su dantenų uždegimais. ",
Calcium carbonate,Abrazyvas,"Efektyvus abrazyvas, išlaikantis dantų blizgesį, nepažeidžiant emalio.",,
Calcium Glycerophosphate ,remineralizuojantis agentas ,"Aprūpina dantis kalciu ir fosfatais, stiprina emalį ir padeda neutralizuoti rūgštis burnos ertmėje. ","Padeda remineralizuoti dantis, gali sumažinti rūgščių poveikį emaliui, naudingas jautriems dantims ",saugus naudojimui
Calcium Hydroxyapatite ,"Remineralizuojantis agentas, emalio stiprintojas ","Natūraliai randamas dantų emalyje, padeda atkurti prarastus mineralus, stiprina dantis ir gali sumažinti dantų jautrumą. ","Labai naudingas dantų remineralizacijai, gali padėti kovoti su dantų ėduonimi ir sumažinti jautrumą, taip pat yra saugi alternatyva fluoridui. ",saugus naudojimui
Calcium Pantothenate ,"Vitaminų papildas, drėkiklis, regeneraciją skatinantis agentas ","Padeda palaikyti sveikas dantenas, gali skatinti audinių atsinaujinimą ir mažinti uždegimą ","Potencialiai naudingas dantenų sveikatai, gali padėti sumažinti sudirgimą ir skatinti gijimą. ",saugus naudojimui
Calcium phosphate,Abrazyvas,"Švelnus abrazyvas, gerai suderinamas su kitais ingredientais, gali sukietėti laikui bėgant",Jautriems dantims,
Calcium Sodium Phosphosilicate ,"Remineralizuojantis agentas, dantų jautrumą mažinantis agentas ","Veiksmingai skatina dantų emalio remineralizaciją, atkuria pažeistas vietas ir sumažina dantų jautrumą, formuodamas apsauginį sluoksnį ant dantų paviršiaus. ","Labai naudingas dantų jautrumui mažinti, stiprina emalį ir gali padėti apsisaugoti nuo ėduonies bei rūgštinės erozijos. ",saugus naudojimui
Camellia Sinensis Leaf Extract,"antioksidantas, antibakterinis agentas","Turi stiprių antioksidacinių ir antibakterinių savybių, gali padėti palaikyti burnos higieną ","Gali padėti mažinti apnašų susidarymą, kovoti su bakterijomis ir palaikyti dantenų sveikatą ",Saugus naudojimui
Cannabidiol (CBD) ,Antiseptikas,"audojama dantų pastose dėl savo priešuždegiminių ir raminamųjų savybių, padedanti mažinti burnos gleivinės dirginimą ir uždegimus","Gali padėti sumažinti dantenų uždegimus, mažinti skausmą ir skatinti burnos gleivinės sveikatą. ",saugus naudojimui
Carbomer,tirštiklis ,Suteikia dantų pastai tinkamą klampumą ,Neturi tiesioginės įtakos dantų būklei ,Saugus naudojimui
Cardamomum Seed Oil ,"Kvapiklis, antibakterinis agentas, priešuždegiminis agentas ","Suteikia gaivų aromatą, gali turėti antibakterinių ir priešuždegiminių savybių, naudingų burnos higienai. ","Gali padėti kovoti su blogu burnos kvapu, mažinti bakterijų kiekį ir palaikyti dantenų sveikatą. ",saugus naudojimui
Carrageenan,rišiklis,"Veikia kaip tirštiklis ir emulsiklis, išlaikantis dantų pastos tekstūrą.",,
cellulose gum ,tirštiklis ,"Natūralus tirštiklis, padeda išlaikyti dantų pastos tekstūrą ir stabilumą. ",Neturi tiesioginės įtakos dantų būklei ,Saugus naudojimui
Cetraria Islandica Extract ,antibakterinis agentas,"Turi antibakterinių ir priešuždegiminių savybių, gali padėti palaikyti burnos higieną. ",Potencialiai veiksmingas kovojant su bakterijomis ir mažinant dantenų uždegimą ,Saugus naudojimui
Cetylpyridinium Chloride ,"Antibakterinis agentas, priešuždegiminis agentas, blogo burnos kvapo neutralizatorius ","Efektyvus antibakterinis junginys, padedantis sumažinti apnašų kaupimąsi, kovoti su dantenų uždegimu ir blogu burnos kvapu. ","Gali padėti mažinti gingivito riziką, kovoti su bakterijomis, mažinti blogą burnos kvapą ir užkirsti kelią dantų akmenų susidarymui. Dažnai naudojamas burnos skalavimo skysčiuose ir dantų pastose. ","Kai kuriems žmonėms gali sukelti burnos gleivinės sudirginimą, nemalonų skonio pojūtį ar laikiną dantų dėmėtumą."
Charcoal Powder ,"Poliruojantis agentas, dėmių šalinimo priemonė ","Naudojamas dantų balinimui ir dėmių šalinimui dėl savo švelnių abrazyvinių savybių, tačiau ilgalaikis naudojimas gali būti per daug šiurkštus emaliui. ","Padeda pašalinti paviršines dėmes ir gali prisidėti prie natūralaus dantų balinimo efekto, tačiau neturi remineralizuojančių savybių ir nėra veiksmingas nuo ėduonies. ","Nors nedidelis kiekis aktyvintos anglies paprastai laikomas saugiu, per dažnas naudojimas gali sukelti emalio eroziją ir padidinti dantų jautrumą "
Chlorhexidine,Antiplaque agentas,"Auksinis standartas antiplaque burnos skalavimo skysčiuose, plataus spektro antimikrobinis poveikis.",Dantenų problemoms,Gali sukelti dantų ir liežuvio dėmėtumą
Chlorhexidine Digluconate ,Antiseptikas,"stiprus antiseptikas, naudojamas dantų pastose ir burnos skalavimo skysčiuose kovai su bakterijomis ir infekcijomis. ","Naudojamas kovai su dantenų uždegimais, periodontitu ir burnos infekcijomis, padeda mažinti bakterijų kiekį burnoje ",Ilgalaikis vartojimas gali sukelti dantų ir burnos gleivinės nusidažymą. 
Chlorphenesin ,"Konservantas, antibakterinis ir priešgrybelinis agentas ","Naudojamas kaip konservantas siekiant apsaugoti dantų pastą nuo bakterijų ir pelėsio augimo, taip pat turi silpnų antibakterinių savybių. ",Neturi tiesioginės įtakos dantų būklei ,"Kai kuriuose tyrimuose keliamas klausimas dėl galimo odos ir gleivinės sudirginimo, o didelėmis dozėmis gali veikti nervų sistemą, todėl jo naudojimas kosmetikoje ir burnos priežiūros priemonėse yra ribotas. "
CI 19140 ,dažiklis ,Suteikia dantų pastai geltoną spalvą ,Neturi tiesioginės įtakos dantų būklei ,Saugus naudojimui
CI 77891 ,Dažomasis agentas,"Suteikia dantų pastai baltą išvaizdą, dažnai naudojamas kosmetikos produktuose.",Neturi tiesioginės įtakos dantų būklei ,"Diskutuojama apie galimą ilgalaikio naudojimo riziką, tačiau kosmetikos produktuose laikomas saugiu. "
Cineola ,"Aromatinis agentas, antiseptikas ","Padeda kovoti su burnos bakterijomis ir suteikia malonų, gaivų kvapą. ","Naudojamas burnos higienai palaikyti, kovojant su blogu kvapu ir mikroorganizmais burnoje. Taip pat padeda mažinti uždegimus. ",saugus naudojimui
Cinnamal ,"Kvapiklis, antibakterinis agentas ",suteikia malonų aromatą ir turi silpnų antibakterinių savybių. ,"Gali padėti kovoti su burnos bakterijomis ir blogu burnos kvapu, tačiau dažniausiai naudojamas kaip kvapiklis. ","Kai kuriems žmonėms gali sukelti alergines reakcijas ar burnos gleivinės sudirginimą, ypač esant jautriai odai ar gleivinei. "
citric acid ,pH reguliatorius,Reguliuoja dantų pastos rūgštingumą ,,Per didelis kiekis gali prisidėti prie emalio erozijos 
Citrus Paradisi Seed Extract ,"antibakterinis, antioksidantas","Turi antibakterinių ir priešgrybelinių savybių, gali padėti palaikyti burnos higieną ","Gali prisidėti prie bakterijų augimo stabdymo, apnašų mažinimo ir dantenų sveikatos palaikymo ","Kai kurie tyrimai rodo, kad rinkoje esantys ekstraktai dažnai būna užteršti sintetiniuose konservantuose esančiais cheminiais junginiais, todėl kyla diskusijų dėl jo grynumo ir tikrojo efektyvumo. "
cl 42090 ,dažiklis ,Suteikia dantų pastai mėlyną spalvą ,Neturi tiesioginės įtakos dantų būklei ,Saugus naudojimui
Cocamidopropyl Betaine ,"Paviršiaus aktyvioji medžiaga, putoklis, valomasis agentas ","Švelni paviršiaus aktyvioji medžiaga, padedanti pašalinti nešvarumus ir apnašas, taip pat suteikia dantų pastai putojimą, užtikrindama tolygų paskirstymą burnos ertmėje ","Tinka žmonėms su jautria burnos gleivine, nes yra švelnesnis už SLS (Sodium Lauryl Sulfate), tačiau vis tiek efektyviai valo dantis ir dantenas. ","Retais atvejais gali sukelti odos ar gleivinės sudirginimą, ypač jautriems asmenims ar esant alergijai kokosų produktams. "
Cyanocobalamin ,"Vitaminas, antioksidantas, dantenų apsaugos priemonė ","Vitaminas B12 forma, svarbi ląstelių funkcijoms, dantenų sveikatai ir bendram burnos gleivinės atsparumui. Gali padėti sumažinti dantenų uždegimą ir skatinti audinių gijimą. ","Ypač naudingas žmonėms, kenčiantiems nuo burnos opų (aftų) ar dantenų uždegimo. Taip pat svarbus veganams, nes B12 trūkumas gali sukelti burnos gleivinės problemas. ",saugus naudojimui
Diazolidinyl Urea,konservantas,Neleidžia mikroorganizmams daugintis dantų pastos formulėse.,Apsaugo nuo bakterijų dauginimosi,Gali dirginti odą ir gleivines
Dicalcium Phosphate Dihydrate ,"Abrazyvas, remineralizuojantis agentas, stabilizatorius ","Švelnus abrazyvas, padedantis pašalinti apnašas ir dantų dėmes, taip pat veikia kaip kalcio šaltinis, prisidedantis prie dantų emalio remineralizacijos ","Padeda stiprinti dantų emalį, mažina ėduonies riziką ir palaiko burnos sveikatą. Dažnai naudojamas kaip alternatyva kitiems abrazyvams dantų pastose jautriems dantims. ",saugus naudojimui
Dipotassium Glycyrrhizate ,Antiseptikas,"gaunama iš saldymedžio šaknų, naudojama dantų pastose dėl savo priešuždegiminių ir raminamųjų savybių ","Padeda sumažinti dantenų dirginimą ir uždegimą, gerina burnos gleivinės sveikatą, ypač esant dantenų uždegimams. ","Didesniais kiekiais gali sukelti šalutinį poveikį, ypač žmonėms, turintiems aukštą kraujospūdį arba jautriems saldymedžiui. "
Disodium EDTA (Dinatrio EDTA) ,"Chelatuojantis agentas, stabilizatorius ","Padeda stabilizuoti dantų pastos sudėtį, apsaugo nuo mineralinių nuosėdų susidarymo. ","Gali padėti išvengti apnašų kaupimosi, bet neturi tiesioginio terapinio poveikio dantims. ","Dideliais kiekiais gali būti toksiškas, o ilgalaikio naudojimo poveikis vis dar diskutuojamas. "
Disodium Pyrophosphate ,Apnašų šalinimo agentas,padeda sumažinti mineralų nuosėdas ir apsaugo nuo apnašų bei dantų akmenų susidarymo ,"Padeda kovoti su apnašų kaupimu ir dantų akmenų susidarymu, palaikant dantų švarą. ",saugus naudojimui
Echinacea Angustifolia ,imunostimuliatorius ,naudojamas dantų pastose dėl savo priešuždegiminių ir imunostimuliuojančių savybių. Padeda stiprinti burnos gleivinės sveikatą ir mažinti uždegimus. ,"Padeda mažinti dantenų uždegimus ir kovoti su burnos infekcijomis, taip gerinant bendrą burnos sveikatą. ",saugus naudojimui
Echinacea Angustifolia Root Extract ,priešuždegiminis agentas ,"Turi antibakterinių ir priešuždegiminių savybių, gali padėti palaikyti dantenų sveikatą. ","Naudingas dantenų uždegimo ir jautrumo mažinimui, gali padėti kovoti su bakterijomis burnos ertmėje ",Saugus naudojimui
Eletarria Cardamomum Seed Oil,Eterinis aliejus,Turi antibakterinių ir aromatinių savybių,Antibakterinis poveikis,Gali sukelti alergines reakcijas
Epigallocatechin Gallate ,Antiseptikas,naudojamas dantų pastose dėl savo priešuždegiminių ir antibakterinių savybių ,"Padeda kovoti su burnos uždegimais, mažina bakterijų dauginimąsi burnoje ir gali prisidėti prie dantenų sveikatos palaikymo. ",saugus naudojimui
Escin ,Antiseptikas,naudojamas dantų pastose dėl savo priešuždegiminių ir kraujotaką gerinančių savybių. Padeda mažinti uždegimus ir stiprinti kapiliarus. ,"Gali padėti sumažinti dantenų uždegimus ir edemą, taip gerinant burnos gleivinės sveikatą ir kraujotaką. ",saugus naudojimui
Esculin,"Antioksidantas, priešuždegiminis agentas ","Natūralus augalinis junginys, išgaunamas iš kaštonų žievės, turintis antioksidacinių ir priešuždegiminių savybių. Gali padėti apsaugoti burnos gleivinę ir dantenas nuo oksidacinės pažaidos ","Gali būti naudingas dantenų sveikatai, nes mažina uždegimą ir stiprina kraujagysles, kas gali padėti išvengti dantenų kraujavimo ar uždegiminių procesų. ","Retais atvejais gali sukelti jautrumą ar alergines reakcijas, ypač jei yra polinkis į jautrumą kaštonų produktams "
Eucalyptol,"Kvapiklis, antibakterinis ir priešuždegiminis agentas ","Turi stiprių antibakterinių, priešgrybelinių ir priešuždegiminių savybių, taip pat suteikia gaivų kvapą. ","Naudingas kovojant su dantenų uždegimu, bakterijomis ir blogu burnos kvapu. Dažnai naudojamas kartu su kitais antiseptikais burnos skalavimo skysčiuose. ",saugus naudojimui
Eucalyptus oil,skonio stipriklis,"Eterinis aliejus su antibakterinėmis savybėmis, prideda skonio.",Antibakterinis poveikis,Saugus naudojimui
Eugenol ,"Antiseptikas, priešuždegiminis agentas, analgetikas ","Turi stiprių antibakterinių, priešuždegiminių ir nuskausminamųjų savybių, dažnai naudojamas burnos priežiūrai ir dantų gydymui. ","Naudingas esant dantenų uždegimui, mažina skausmą, gali būti naudojamas dantų jautrumui mažinti ir kovai su bakterijomis. ",Gali sukelti gleivinės sudirginimą ar alergines reakcijas jautriems asmenims 
Fluoride,ėduonies prevencijos agentas,"Pagrindinis ėduonies prevencijos ingredientas, stiprina emalį ir mažina rūgščių poveikį.",Caries prevencija,Saugus naudojimui
Fluoro Calciumphosphosilicate ,Dantų apsaugos agentas ,"naudojama dantų pastose dėl savo gebėjimo stiprinti dantų emalį ir apsaugoti nuo ėduonies. Tai speciali jungtis, kuri suteikia tiek fluoro, tiek kalcio ir silicio, kurie kartu padeda atkurti dantų struktūrą. ","Efektyviai stiprina dantų emalį, padeda apsaugoti nuo ėduonies ir mažina dantų jautrumą. ",saugus naudojimui
Ginkgo Biloba Leaf Extract ,"Antioksidantas, priešuždegiminis agentas ","Turi antioksidacinių ir kraujotaką gerinančių savybių, gali padėti apsaugoti dantenų ląsteles nuo oksidacinio streso. ","Potencialiai naudingas dantenų sveikatai, gali skatinti gijimą ir sumažinti uždegimą, tačiau nėra plačiai naudojamas dantų priežiūros produktuose. ","Retais atvejais gali sukelti alergines reakcijas ar padidinti jautrumą, ypač jei vartojamas kartu su kraują skystinančiais vaistais. "
Glucose Oxidase ,"Antibakterinis agentas, fermentas, antioksidantas ","ermentas, kuris reaguodamas su gliukoze gamina vandenilio peroksidą, padedantį naikinti burnos bakterijas ir skatinti natūralią burnos apsaugą ","Gali padėti kovoti su ėduonį sukeliančiomis bakterijomis, palaikyti sveiką burnos mikrobiomą ir mažinti blogą burnos kvapą. ",saugus naudojimui
Glycerin,drėkiklis,"Užkerta kelią pastos sukietėjimui, suteikia kreminę tekstūrą.",,
Glycerol,drėkiklis,"Užkerta kelią pastos sukietėjimui, suteikia kreminę tekstūrą. ",,
Glycolipids ,"Paviršiaus aktyvioji medžiaga, emulsiklis, antibakterinis agentas ","Natūralūs biosurfaktantai, turintys valomųjų ir antibakterinių savybių, padedantys pašalinti apnašas ir užtikrinti tolygų dantų pastos pasiskirstymą burnos ertmėje ","Gali padėti švelniai pašalinti nešvarumus, palaikyti natūralią burnos mikroflorą ir turėti tam tikrų antibakterinių savybių. Dažnai naudojami kaip švelnesnė alternatyva sintetiniams paviršiaus aktyviesiems junginiams, tokiems kaip SLS. ",saugus naudojimui
Gold ,"mineralinis papildas, antioksidantas, antibakterinis agentas",Veiksmingumas nėra įrodytas,"Teoriškai gali padėti kovoti su bakterijomis ir palaikyti dantenų sveikatą, tačiau veiksmingumas nėra įrodytas ",Diskutuojama dėl ilgalaikio naudojimo reikalingumo ir poveikio organizmui
Hydrated silica,Abrazyvas,"Dažnas abrazyvas su mažu abrazyvumu, saugus kasdieniam naudojimui.",Jautriems dantims,Saugus naudojimui
Hydrogen Peroxide ,"Balinimo agentas, antibakterinis agentas ","Naudojamas dantų balinimui, gali padėti sumažinti bakterijų kiekį burnoje. ",Tinka dantų balinimui ir gali padėti mažinti bakterijų sukeliamą blogą burnos kvapą ,Didelėmis koncentracijomis gali sudirginti burnos gleivinę ir sukelti jautrumą dantims. Ilgalaikis ir per dažnas naudojimas gali susilpninti emalį. 
Hydrogenated Starch Hydrolysate ,saldiklis ,Saldiklis,,Retais atvejais dideliais kiekiais gali sukelti virškinimo diskomfortą. 
Hydroxyapatite,remineralizuojantis agentas,"Imituoja natūralų dantų emalį, padeda remineralizacijai.",Emalio remineralizacija,Saugus naudojimui
Hydroxyethyl Cellulose ,"Tirštiklis, stabilizatorius",Suteikia dantų pastai tinkamą klampumą ir stabilumą,Neturi tiesioginės įtakos dantų būklei ,Saugus naudojimui
Lauryl Glucoside ,putoklis ,naudojamas kaip švelnus putojantis ir valomasis ingredientas ,"Tinka jautrioms burnos gleivinėms, nes yra švelnesnis nei SLS (Sodium Lauryl Sulfate), tačiau efektyviai valo dantis ir padeda pašalinti apnašas. ",saugus naudojimui
loe Barbadensis Leaf Extract ,priešuždegiminis agentas,"Turi raminančių, drėkinančių ir priešuždegiminių savybių, gali padėti palaikyti dantenų sveikatą ","Naudingas jautrioms dantenoms, gali padėti sumažinti uždegimą ir skatinti audinių atsinaujinimą ",Saugus naudojimui
Magnesium Ascorbyl Phosphate ,"Antioksidantas, priešuždegiminis agentas, dantenų apsaugos priemonė ","Stabilizuota vitamino C forma, turinti antioksidacinių ir priešuždegiminių savybių, padedanti apsaugoti burnos gleivinę ir dantenas nuo oksidacinės pažaidos. ","Gali prisidėti prie dantenų sveikatos stiprinimo, mažinti uždegimą ir skatinti kolageno sintezę, kas padeda stiprinti dantenų audinius ir sumažinti jų jautrumą. ",saugus naudojimui
Magnesium Carbonate Hydroxide ,Abrazyvas ,"naudojamas dantų pastose kaip švelnus abrazyvas, padedantis pašalinti apnašas ir pagerinti dantų valymą ","Padeda švelniai valyti dantis ir išlaikyti jų švarumą, nesukeliant pernelyg didelio abrazyvumo, todėl yra tinkamas jautriems dantims. ","Laikomas saugiu, tačiau, kaip ir su kitais abrazyvais, per didelis naudojimas gali sukelti emalio nusidėvėjimą. "
Melaleuca Alternifolia ,"Antibakterinis agentas, priešgrybelinis agentas, priešuždegiminis agentas ","Natūralus eterinis aliejus, turintis stiprių antibakterinių, priešgrybelinių ir priešuždegiminių savybių, padedantis kovoti su burnos bakterijomis ir dantenų uždegimu. ","Gali padėti sumažinti gingivito simptomus, mažinti blogą burnos kvapą ir kovoti su burnos infekcijomis bei opomis. Taip pat gali slopinti bakterijų augimą ir prisidėti prie ėduonies prevencijos. ",saugus naudojimui
Melaleuca Alternifolia (Tea Tree) Oil ,Antiseptikas,"Jis naudojamas dantų pastose, kad padėtų kovoti su bakterijomis, mažintų burnos uždegimus ir gerintų burnos higieną. ","Padeda kovoti su bakterijomis, mažina dantenų uždegimus ir suteikia švaros pojūtį burnoje. ",saugus naudojimui
Mentha Arvensis Herb Oil,Eterinis aliejus,"Suteikia gaivų, mėtų skonį burnos priežiūros produktuose.",Gaivina kvėpavimą,Saugus naudojimui
Mentha Piperita Oil ,"skonio stipriklis, antibakterinis agentas","Suteikia gaivų skonį ir kvapą, turi antibakterinių bei vėsinančių savybių ","Gali padėti kovoti su blogu burnos kvapu ir bakterijomis, suteikia gaivumo pojūtį ",Saugus naudojimui
Menthol ,"skonio stipriklis, antibakterinis agentas","Suteikia gaivų skonį ir kvapą, turi antibakterinių bei vėsinančių savybių ","Gali padėti kovoti su blogu burnos kvapu ir bakterijomis, suteikia gaivumo pojūtį ",Saugus naudojimui
Menthone ,Aromatinis agentas ,naudojama dantų pastose dėl savo gaivinančio kvapo ir skonio. Jis taip pat turi švelnų antiseptinį poveikį,"Padeda kovoti su blogu burnos kvapu, suteikia gaivumo pojūtį ir prisideda prie burnos higienos palaikymo ",saugus naudojimui
Methyl Salicilate,skonio stipriklis,"Suteikia gaivų ir vėsinantį pojūtį, dažnai naudojamas burnos skalavimo skysčiuose.",Gaivina kvėpavimą,Gali dirginti odą ir gleivines
Methyl Salicylate ,"Kvapiklis, priešuždegiminis ir antibakterinis agentas ","Suteikia dantų pastai gaivų, mėtų primenantį skonį, taip pat turi lengvų antiseptinių ir priešuždegiminių savybių. ","Gali padėti sumažinti dantenų uždegimą ir kovoti su bakterijomis, tačiau dažniausiai naudojamas kaip kvapiklis. ","Didelėmis koncentracijomis gali būti toksiškas, ypač prarijus, todėl būtina laikytis rekomenduojamų kiekių. Kai kuriems žmonėms gali sukelti gleivinės jautrumą ar alergines reakcijas "
Microcrystalline Cellulose ,"tirštiklis, švelnus abrazyvas","Suteikia dantų pastai tinkamą tekstūrą, gali veikti kaip švelnus abrazyvas, padedantis pašalinti apnašas ","Gali padėti švelniai nuvalyti dantų paviršių, tačiau nėra stiprus valomasis komponentas ",Didelėmis koncentracijomis gali sukelti nedidelį dantų paviršiaus dilimą 
Olaflur,"Antikariesinis agentas, remineralizuojantis agentas","Veiksmingai apsaugo dantis nuo ėduonies, stiprina emalį ir skatina remineralizaciją, ypač veiksmingas dėl savo gebėjimo gerai prilipti prie dantų paviršiaus. ","Labai efektyvus kovojant su dantų ėduonimi, gali padėti jautriems dantims mažindamas dantų paviršiaus pažeidžiamumą rūgštims. ",saugus naudojimui
Oryza Sativa Starch,tirštiklis,Suteikia tirštinimo ir stabilizavimo poveikį.,,Saugus naudojimui
Papain ,Apnašų šalinimo agentas,Dantų pastose naudojamas kaip balinimo agentas ir apnašų šalinimo priemonė. ,"Padeda švelniai pašalinti apnašas ir dėmes nuo dantų paviršiaus, taip palaikant jų švarumą ir baltumą ",netinkamas jautriam emaliui
PEG,solventas ,Padeda išlaikyti dantų pastos drėgmę ,Neturi tiesioginės įtakos dantų būklei ,"Dideliais kiekiais gali būti dirginantis, o kai kuriose studijose diskutuojama apie galimą mikroplastikų susidarymą ir ilgalaikį poveikį organizmui. "
Pentasodium Triphosphate ,"Antikalkinis agentas, valomasis agentas, pH reguliatorius ","Padeda išvengti dantų akmenų susidarymo, pašalina apnašas ir minkština vandens kietumą, taip pagerindamas dantų pastos efektyvumą ","Gali padėti sumažinti dantų akmenų kaupimąsi ir kovoti su apnašomis, todėl yra naudingas žmonėms, linkusiems į dantenų uždegimus ir akmenų formavimąsi. ",Ilgalaikis didelių koncentracijų poveikis gali sukelti nedidelį dantenų dirginimą 
Peptide ,bioaktyvus junginys ,Gali padėti stiprinti emalį ir skatinti burnos audinių atsinaujinimą ,"Potencialiai naudingi dantenų sveikatai, audinių regeneracijai ir dantų jautrumo mažinimui. ",Saugus naudojimui
Perlite ,Abrazyvas ,"pagrindinė funkcija yra padėti pašalinti apnašas ir paviršines dantų dėmes, tuo pačiu suteikiant dantims blizgesį ",gali būti naudingas dantų poliravimui ir natūralaus baltumo išlaikymui. ,"saugus ingredientas, tačiau, kaip ir su kitais abrazyvais, reikia būti atsargiems dėl jo naudojimo dažnumo "
phenoxyethanol ,konservantas ,"Efektyvus antimikrobinis konservantas, padedantis išvengti bakterijų ir pelėsių augimo dantų pastoje ",Neturi tiesioginės įtakos dantų būklei ,Saugus naudojimui
Phenylpropanol,konservantas,"Antimikrobinis agentas, padeda išlaikyti produkto vientisumą.",Apsaugo produktą nuo bakterijų,Gali dirginti odą ir gleivines
Phosphocolamine ,"mineralinis papildas, remineralizuojantis agentas",Gali padėti stiprinti dantų emalį ir prisidėti prie remineralizacijos proceso ,Potencialiai naudingas jautriems dantims ir emalio atstatymui ,Saugus naudojimui
Poloxamer 188 ,Emulsiklis,,Neturi tiesioginės įtakos dantų būklei ,saugus naudojimui
Poloxamer 407 ,solventas ,Padeda sumaišyti vandenyje ir aliejuose tirpius ingredientus ,Neturi tiesioginės įtakos dantų būklei ,Saugus naudojimui
Polysorbate 20,emulsiklis,Pagerina ingredientų paskirstymą ir stabilumą.,,Saugus naudojimui
Polysorbate 80 ,emulsiklis ,Pagerina ingredientų maišymą ir stabilumą ,Neturi tiesioginės įtakos dantų būklei ,"Kai kuriuose tyrimuose diskutuojama apie galimą žarnyno mikrofloros poveikį ir ilgalaikio naudojimo saugumą, tačiau dantų pastoje naudojamas mažomis koncentracijomis ir laikomas saugiu. "
potassium acesulfame ,saldiklis ,Dirbtinis saldiklis ,Neturi tiesioginės įtakos dantų būklei ,kai kuriuose tyrimuose buvo diskutuojama apie galimą poveikį metabolizmui ilgalaikio vartojimo atveju. 
Potassium Chloride ,"Dantų jautrumą mažinantis agentas, stabilizatorius ","Gali padėti sumažinti dantų jautrumą, stabilizuoja dantų pastos sudėtį ir prisideda prie mineralų balanso burnos ertmėje. ","Dažnai naudojamas jautrių dantų dantų pastose, nes padeda blokuoti nervinių signalų perdavimą, taip sumažindamas skausmo pojūtį. ",saugus naudojimui
Potassium Phosphate ,"pH reguliatorius, remineralizuojantis agentas, stabilizatorius ","Padeda išlaikyti dantų pastos stabilumą, reguliuoja jos rūgštingumą ir gali prisidėti prie dantų remineralizacijos. ","Gali padėti apsaugoti dantis nuo rūgščių poveikio ir prisidėti prie emalio stiprinimo, tačiau dažniausiai naudojamas kaip pagalbinė medžiaga. ",saugus naudojimui
Potassium Sorbate,konservantas,Užkerta kelią pelėsio ir bakterijų augimui produktuose.,Apsauga nuo mikroorganizmų,Gali sukelti odos ir gleivinių dirginimą
Potassium Thiocyanate ,"Antibakterinis agentas, remineralizuojantis agentas ","Gali turėti antibakterinių savybių, padedančių sumažinti burnos bakterijų kiekį, taip pat gali stiprinti dantų emalį ir mažinti dantų jautrumą. ","Dažnai naudojamas dantų pastose jautriems dantims, nes padeda sumažinti dantų nervų jautrumą, taip pat gali prisidėti prie ėduonies prevencijos. ",Kai kuriems žmonėms gali sukelti gleivinės dirginimą ar alergines reakcijas. Dideliais kiekiais gali būti toksiškas 
Propolis Extract ,Antiseptikas,Padeda apsaugoti burną nuo bakterijų ir uždegimų. ,"Gali padėti kovoti su dantenų uždegimais, sumažinti burnos infekcijas ir skatinti burnos gleivinės sveikatą ",saugus naudojimui
Propylene ,solventas ,"Išlaiko dantų pastos drėgmę, pagerina tekstūrą ir ingredientų tirpumą ",Neturi tiesioginės įtakos dantų būklei ,Ilgalaikis naudojimas kosmetikoje ir burnos priežiūros priemonėse yra diskutuotinas dėl galimo kaupimosi organizme 
Propylene glycol,drėkiklis,"Panašus į glicerolį, padeda išlaikyti drėgmę ir pastos konsistenciją.",,
Pulsatilla Koreana Extract ,"antibakterinis, priešuždegiminis agentas","Turi antibakterinių ir priešuždegiminių savybių, gali padėti palaikyti burnos sveikatą. ",Potencialiai naudingas dantenų uždegimo mažinimui ir bakterijų augimo stabdymui ,Saugus naudojimui
Pumice ,Abrazyvas ,"natūralus, lengvas uolienų ir pelenų mišinys, naudojamas dantų pastose kaip švelnus abrazyvas, padedantis pašalinti apnašas ir dėmes nuo dantų paviršiaus ","Padeda švelniai poliruoti dantis ir palaikyti jų baltumą, ypač naudojant balinančiose dantų pastose ","aikomas saugiu, tačiau per didelis abrazyvumas gali prisidėti prie dantų emalio nusidėvėjimo, jei naudojama pernelyg dažnai. "
PVM/MA Copolymer,stabilizatorius/rišiklis,Pagerina produkto stabilumą ir rišamąsias savybes.,,Saugus naudojimui
Rebaudioside A ,saldiklis ,Natūralus saldiklis ,,Saugus naudojimui
Retinyl Palmitate ,antioksidantas ,"antioksidantas, padedantis apsaugoti burnos gleivinę ir odą nuo laisvųjų radikalų. ","Vitaminas A, gali padėti gerinti burnos audinių sveikatą ir skatinti odos regeneraciją ",saugus naudojimui
Salvia Officinalis Extract,augalinis ekstraktas,"Ramina dantenas, turi antibakterinių savybių.",Dantenų raminimui,Gali sukelti alergines reakcijas
Silica,abrazyvas,"Tinkamas fluoro dantų pastoms, formuoja skaidrias gelio formules.",Balinimui,
Sodium alginate,rišiklis,"Užkerta ingredientų atskyrimui, pagerina dantų pastos stabilumą.",,
Sodium Ascorbyl Phosphate ,"Antioksidantas, priešuždegiminis agentas, dantenų apsaugos priemonė ","Stabilizuota vitamino C forma, pasižyminti antioksidacinėmis ir priešuždegiminėmis savybėmis, padedanti apsaugoti dantenas nuo oksidacinio streso ir stiprinanti burnos gleivinę. ","Gali padėti stiprinti dantenų audinius, skatinti kolageno sintezę ir mažinti uždegimą, todėl naudingas žmonėms, turintiems dantenų jautrumą ar uždegimą. ",saugus naudojimui
Sodium Benzoate ,konservantas ,"Apsaugo dantų pastą nuo bakterijų ir pelėsių augimo, prailgina produkto galiojimo laiką ",Neturi tiesioginės įtakos dantų būklei ,Saugus naudojimui
Sodium bicarbonate,balinamasis agentas/ėduonies prevencijos agentas,"Padidina pH seilėse, sumažina emalio tirpumą ir bakterijų aktyvumą.",Balinimui,Saugus naudojimui
Sodium Chloride ,"mineralinis papildas, Valomasis agentas",Padeda pašalinti apnašas ir palaikyti burnos higieną ,"Gali padėti sumažinti dantenų uždegimą ir skatinti seilių gamybą, tačiau neturi tiesioginio remineralizuojančio poveikio. ",Saugus naudojimui
Sodium Citrate ,pH reguliatorius,Reguliuoja pH ir gali padėti sumažinti dantų jautrumą ,"Tinka jautriems dantims, padeda neutralizuoti rūgštis ",Saugus naudojimui
Sodium Coco-Sulfate ,"Paviršiaus aktyvioji medžiaga, putoklis, valomasis agentas ","Natūralios kilmės putojantis ingredientas, išgaunamas iš kokosų aliejaus. Veikia kaip švelnesnė alternatyva Sodium Lauryl Sulfate (SLS), tačiau vis tiek efektyviai šalina apnašas ir nešvarumus. ","Padeda tolygiai paskirstyti dantų pastą burnos ertmėje, palengvina apnašų pašalinimą ir suteikia švaros pojūtį. Dažnai naudojamas natūralesniuose ar jautrioms dantenoms skirtuose produktuose. ",Retais atvejais gali prisidėti prie burnos sausumo ar dirginimo. 
Sodium Fluoride ,ėduonies prevencijos agentas,"Stiprina dantų emalį, mažina dantų ėduonies riziką ","Labai veiksmingas karieso prevencijai, stiprina emalį ir skatina remineralizaciją ",Saugus rekomenduojamomis dozėmis
Sodium Hydroxide,pH reguliatorius,"Reguliuoja produkto pH, užtikrindamas stabilumą ir efektyvumą.",Produkto stabilumui užtikrinti,Saugus naudojimui
Sodium Hydroxymethylglycinate,konservantas,Plačiai naudojamas konservantas su gera stabilumu.,Apsauga nuo mikroorganizmų,Saugus naudojimui
Sodium lauryl sulphate,putojimo agentas,"Stiprus putojimo ir valymo agentas, gali sukelti dirginimą kai kuriems vartotojams.",Nerekomenduojama jautriai burnos gleivinei,Gali sukelti burnos gleivinės sudirginimą
Sodium Methyl Cocoyl Taurate,paviršinio aktyvumo medžiaga,"Švelni paviršinio aktyvumo medžiaga, alternatyva stipresniems agentams, kaip SLS.",Švelnus putoklis jautriems dantims,Saugus naudojimui
Sodium monofluorophosphate,ėduonies prevencijos agentas,"Suteikia ėduonies prevencijos naudą, panašiai kaip natrio fluoridas.",Caries prevencija,Saugus naudojimui
Sodium Myristoyl Sarcosinate ,paviršinio aktyvumo medžiaga ,Švelnus putoklis ,"Alternatyva agresyvesniems putokliams, mažiau dirgina gleivinę, gali padėti pašalinti apnašas ",Saugus naudojimui
Sodium Polyphosphate ,Apnašų šalinimo agentas,Padedada mažinti mineralų nuosėdų susidarymą ir apsaugoti nuo apnašų bei dantų akmenų ,"Padeda išvengti apnašų kaupimosi ir dantų akmenų susidarymo, taip palaikant dantų švarumą ",saugus naudojimui
Sodium Propylparaben ,Konservantas ,Apsaugo nuo mikrobų ir grybelių augimo dantų pastoje,Neturi tiesioginės įtakos dantų būklei ,saugus naudojimui
Sodium Pyrophosphate,apsaugantis nuo dantų akmenų agentas,Slopina dantų akmenų susidarymą.,Apsauga nuo akmenų formavimosi,Saugus naudojimui
Sodium Saccharin ,saldiklis ,Dirbtinis saldiklis ,Neturi tiesioginės įtakos dantų būklei ,Saugus naudojimui
Sorbitol,drėkiklis,"Drėkiklis, kuris užkerta kelią dantų pastos džiūvimui.",Saugus naudojimui,Saugus naudojimui
Stannous Chloride ,"Antibakterinis agentas, priešuždegiminis agentas, antikariesinis agentas ","Turi stiprių antibakterinių ir priešuždegiminių savybių, padeda apsaugoti dantis nuo ėduonies, mažina dantenų uždegimą ir apsaugo nuo dantų akmenų susidarymo. ","Efektyvus kovojant su dantenų uždegimu, bakterijomis, apnašomis ir blogu burnos kvapu. ",Ilgalaikis naudojimas gali sukelti dantų dėmėjimą. Taip pat jautriems žmonėms gali sudirginti burnos gleivinę 
Stannous Fluoride ,"ėduonies prevencijos agentas, antibakterinis agentas","Stiprina emalį, padeda kovoti su bakterijomis ir mažina dantenų uždegimą ","Veiksmingas karieso, dantų jautrumo ir dantenų ligų prevencijai ","Gali sukelti dantų paviršiaus dėmėtumą ilgalaikiam naudojimui, jei pasta nenuplaunama tinkamai."
Stearic Acid ,stabilizatorius ,Veikia kaip tirštiklis ir stabilizatorius ,Neturi tiesioginės įtakos dantų būklei ,Saugus naudojimui
Strontium Chloride ,Dantų apsaugos agentas ,"naudojama dantų pastose dėl savo gebėjimo sumažinti dantų jautrumą, padengiant dentino kanaliukus ir mažinant nervų jautrumą ","Efektyviai mažina dantų jautrumą, ypač žmonėms, turintiems jautrius dantis, ir padeda apsaugoti nuo skausmo dėl temperatūros pokyčių ",saugus naudojimui
Sucralose ,saldiklis ,Dirbtinis saldiklis ,Neturi tiesioginės įtakos dantų būklei ,Saugus naudojimui
Tetrasodium Pyrophosphate,apsaugantis nuo dantų akmenų agentas,"Padeda sumažinti dantų akmenų susidarymą, trukdydamas kristalų augimui.",Apsauga nuo dantų akmenų,Saugus naudojimui
Tilia Cordata (Linden) Extract,augalinis ekstraktas,Raminančios ir priešuždegiminės savybės dantenoms.,Dantenų raminimui,Gali sukelti alergines reakcijas
Tin Oxide ,"Poliruojantis agentas, antibakterinis agentas, remineralizuojantis agentas ","Naudojamas kaip švelnus abrazyvas, padedantis pašalinti apnašas ir dantų dėmes. Taip pat gali turėti antibakterinių savybių ir prisidėti prie emalio remineralizacijos. ","Gali padėti pašalinti dantų paviršiaus dėmes, sumažinti bakterijų kiekį burnoje ir prisidėti prie emalio stiprinimo ",saugus naudojimui
Titanium dioxide,Dažomasis agentas,"Suteikia dantų pastai baltą išvaizdą, dažnai naudojamas kosmetikos produktuose.",Neturi tiesioginės įtakos dantų būklei ,"Diskutuojama apie galimą ilgalaikio naudojimo riziką, tačiau kosmetikos produktuose laikomas saugiu. "
Tocopherol ,antioksidantas ,"antioksidantas, padedantis apsaugoti burnos gleivinę ir odą nuo laisvųjų radikalų. ","Vitaminas E, padeda palaikyti burnos gleivinės sveikatą ir apsaugoti dantų emalį nuo pažeidimų.",saugus naudojimui
Tocopheryl Acetate ,"antioksidantas, drėkiklis","Apsaugo dantų pastos sudedamąsias dalis nuo oksidacijos, gali turėti raminamąjį poveikį dantenoms ",Gali padėti palaikyti dantenų sveikatą ir skatinti jų regeneraciją. ,Saugus naudojimui
Tricalcium Phosphate ,remineralizuojantis agentas ,"Aprūpina dantis kalciu ir fosfatais, padeda stiprinti emalį ir skatinti remineralizaciją. ","Naudingas jautriems dantims, gali padėti apsaugoti emalį nuo rūgščių ir sustiprinti dantis. Dažnai naudojamas kartu su fluoru, siekiant pagerinti remineralizacijos procesą. ",saugus naudojimui
Triclosan,Apnašų šalinimo agentas,"Vidutinė poveikis prieš apnašų susidarymą, pagerintas cinko citratu arba kopolimero.",Vidutinis poveikis prieš apnašas,Galimas poveikis hormoninei sistemai
Trisodium Phosphate ,"pH reguliatorius, valomasis agentas, antikalkinis agentas ","Padeda stabilizuoti dantų pastos pH, apsaugo nuo kalkių kaupimosi ir gali turėti lengvų valomųjų savybių ","Gali padėti išvengti apnašų ir dantų akmenų susidarymo, tačiau nėra aktyvus remineralizuojantis ar gydomasis komponentas. ","Didelėmis koncentracijomis gali būti dirginantis. Mažais kiekiais laikomas saugiu, tačiau per didelis fosfatų kiekis organizme gali turėti neigiamą poveikį "
Ubiquinone ,"Antioksidantas, priešuždegiminis agentas ","Veikia kaip stiprus antioksidantas, padedantis apsaugoti ląsteles nuo oksidacinio streso ir skatinti audinių regeneraciją. ","Gali padėti palaikyti dantenų sveikatą, skatinti jų gijimą ir sumažinti uždegimą, todėl naudingas žmonėms, sergantiems periodonto ligomis ",saugus naudojimui
Usnea Barbata Extract ,"antibakterinis, Antifungal agentas","Veiksmingas prieš bakterijas ir grybelines infekcijas, gali padėti palaikyti burnos higieną ","Gali prisidėti prie apnašų mažinimo, dantenų uždegimo prevencijos ir kovos su blogu burnos kvapu ",Saugus naudojimui
Xanthan,rišiklis,"Stabilizatorius, suteikia klampumą",,
Xylitol,saldiklis/ėduonies prevencijos agentas,"Suteikia saldų skonį ir turi ėduonies prevencijos savybių, slopindamas bakterijų metabolizmą. ",Antikariesinis poveikis,Saugus naudojimui
Zanthoxylum Piperitum Fruit Extract ,"antibakterinis, priešuždegiminis agentas","Turi antibakterinių ir priešuždegiminių savybių, gali prisidėti prie burnos higienos palaikymo ","Gali padėti mažinti dantenų uždegimą, kovoti su bakterijomis ir skatinti sveiką burnos mikroflorą ",Saugus naudojimui
Zinc Chloride ,"Antibakterinis agentas, antikalkinis agentas, blogo burnos kvapo neutralizatorius ","Efektyviai mažina bakterijų kiekį burnoje, slopina blogą burnos kvapą ir padeda kontroliuoti dantų akmenų susidarymą. ","Naudingas kovojant su dantenų uždegimu, blogu burnos kvapu ir dantų akmenimis. Dažnai naudojamas burnos skalavimo skysčiuose ir dantų pastose. ",Didelėmis koncentracijomis gali būti dirginantis burnos gleivinei ir dantenoms 
Zinc Citrate ,"Antibakterinis agentas, priešuždegiminis agentas, blogo burnos kvapo neutralizatorius ","Efektyvus antibakterinis junginys, padedantis kontroliuoti apnašų susidarymą, mažinti dantenų uždegimą ir kovoti su blogu burnos kvapu. ","Gali padėti mažinti dantų akmenų susidarymą, apsaugoti nuo dantenų ligų ir neutralizuoti sieros junginius, atsakingus už blogą burnos kvapą. ",saugus naudojimui
Zinc Gluconate ,"Antibakterinis agentas, priešuždegiminis agentas, blogo burnos kvapo neutralizatorius ","Efektyvi cinko forma, padedanti mažinti bakterijų dauginimąsi, kovoti su dantenų uždegimu ir neutralizuoti blogą burnos kvapą. ","Gali padėti apsisaugoti nuo dantenų ligų, mažinti apnašas ir sumažinti blogą burnos kvapą. Taip pat gali prisidėti prie remineralizacijos proceso ir emalio stiprinimo. ",saugus naudojimui
Zinc ions,Apsaugantis nuo dantų apnašų ir akmenų,"Riboja bakterijų augimą, slopina apnašų ir dantų akmenų susidarymą. ",Dantenų problemoms,Saugus naudojimui
Zinc Phosphate ,"antibakterinis agentas, mineralinis papildas","Padeda kovoti su bakterijomis, gali prisidėti prie emalio remineralizacijos. ","Tinka dantenų sveikatos palaikymui, gali padėti mažinti dantenų uždegimą ir akmenų susidarymą ",Saugus naudojimui
Zingiber Officinale Root Extract,augalinis ekstraktas,antibakterinis ir priešuždegiminis efektas,Dantenų problemoms,Gali sukelti alergines reakcijas
