LT,EN
Vanduo,Aqua
Glicerinas,Glycerin
Hidruotas silicio dioksidas,Hydrated silica
Ksilitolis,Xylitol
Natrio glukonatas,Sodium gluconate
Ksantano guma,Xanthan gum
Aroma,Aroma
CI 77891 (Titanium dioxide),CI 77891
Kokamidopropilo betainas,Cocamidopropyl betaine
Natrio sulfatas,Sodium sulfate
Natrio hialuronatas,Sodium hyaluronate
Chlorheksidino digliukonatas,Chlorhexidine digluconate
Natrio hidroksidas,Sodium hydroxide
Natrio chloridas,Sodium chloride
Fenoksietanolis,Phenoxyethanol
VP/VA kopolimeras,VP/VA copolymer
Natrio fluoridas,Sodium fluoride
Sukralozė,Sucralose
Dinatrio fosfatas,Disodium phosphate
Natrio fosfatas,Sodium phosphate
Citrinų rūgštis,Citric acid
Citrus Aurantium Amara vaisių ekstraktas,Citrus Aurantium Amara fruit extract
Natrio benzoatas,Sodium benzoate
Polilizinas,Polylysine
Sorbitolis,Sorbitol
argininas,Arginin
hidrintas silika,Hydrated silica
Natrio citratas,Sodium citrate
titano dioksidas ,titanium dioxide
celiuliozės guma ,cellulose gum
