Ingredient,evaluation,Quality alternative,Difference
Sodium Lauryl Sulfate,budget ingredient,Cocamidopropyl Betaine,"SLS gali dirginti burnos gleivinę, sukelti opas, alergines reakcijas."
SLS,budget ingredient,Cocamidopropyl Betaine,"SLS gali dirginti burnos gleivinę, sukelti opas, alergines reakcijas."
Calcium Carbonate,budget ingredient,Hydrated Silica,Kalcio karbonatas gali būti pernelyg abrazyvus ir pažeisti emalį.
Sodium Saccharin,budget ingredient,Xylitol,"Dirbtinis saldiklis, gali sukelti kartų poskonį ir alergines reakcijas."
Triclosan,budget ingredient,Chlorhexidine,"Triclosan gali trikdyti hormonų veiklą, ilgalaikis poveikis nėra aiškus."
Sodium Monofluorophosphate,budget ingredient,Stannous Fluoride,"Silpnas prieš ėduonį, mažas remineralizacijos efektyvumas."
Aroma,budget ingredient,Eucalyptus Oil / Peppermint Oil,"Sintetiniai kvapai dažnai naudojami pigesnėse pastose, neturi antibakterinių savybių."
Sodium Bicarbonate,budget ingredient,Calcium Sodium Phosphosilicate,"Soda gali būti pernelyg abrazyvi, mažiau efektyvi balinimui ir remineralizacijai."
Methylparaben,budget ingredient,"Natural Preservatives (Sodium Benzoate, Potassium Sorbate)","Parabenai gali sukelti odos ir gleivinės dirginimą, įtariami dėl galimo hormonų veiklos trikdymo."
Ethylparaben,budget ingredient,"Natural Preservatives (Sodium Benzoate, Potassium Sorbate)","Parabenai gali sukelti odos ir gleivinės dirginimą, įtariami dėl galimo hormonų veiklos trikdymo."
Titanium Dioxide,budget ingredient,Natūralūs dažikliai,Titano dioksidas kartais įvardijamas kaip galimai kancerogeninė medžiaga (kvėpuojant).
Sodium Chloride,budget ingredient,Zinc Citrate,"Druska gali dirginti burnos gleivinę, mažai efektyvi kaip antibakterinė medžiaga."
Sodium Benzoate,budget ingredient,Potassium Sorbate,"Gali sukelti odos ir gleivinių dirginimą, mažiau natūralus konservantas."
PEG,budget ingredient,Glycerin,"PEG junginiai gali būti gaminami iš naftos, mažiau natūralūs ir gali dirginti odą."
CI 42090,budget ingredient,"Natural Colorants (Beetroot Powder, Spirulina)",Sintetiniai dažai gali turėti potencialių sveikatai kenksmingų priedų.
CI 19140,budget ingredient,"Natural Colorants (Beetroot Powder, Spirulina)",Sintetiniai dažai gali turėti potencialių sveikatai kenksmingų priedų.
Propylene Glycol,budget ingredient,Glycerin,"Gali dirginti odą ir gleivinę, naudojamas kaip tirpiklis, tačiau mažiau natūralus."
Sodium Methyl Cocoyl Taurate,budget ingredient,Sodium Cocoyl Glutamate,Gali dirginti odą ir gleivinę.
Isomalt,budget ingredient,Xylitol,"Isomalt yra sintetinis saldiklis, mažiau naudingas dantų sveikatai nei xylitol."
Cocamidopropyl Betaine,quality ingredient,,
Hydrated Silica,quality ingredient,,
Xylitol,quality ingredient,,
Chlorhexidine,quality ingredient,,
Stannous Fluoride,quality ingredient,,
Eucalyptus Oil / Peppermint Oil,quality ingredient,,
Calcium Sodium Phosphosilicate,quality ingredient,,
"Natural Preservatives (Sodium Benzoate, Potassium Sorbate)",quality ingredient,,
Natūralūs dažikliai,quality ingredient,,
Zinc Citrate,quality ingredient,,
Potassium Sorbate,quality ingredient,,
Glycerin,quality ingredient,,
"Natural Colorants (Beetroot Powder, Spirulina)",quality ingredient,,
Sodium Cocoyl Glutamate,quality ingredient,,
